-- MariaDB dump 10.19  Distrib 10.4.18-MariaDB, for Win64 (AMD64)
--
-- Host: 127.0.0.1    Database: videojuegos_2236347
-- ------------------------------------------------------
-- Server version	10.4.18-MariaDB

/*!40101 SET @OLD_CHARACTER_SET_CLIENT=@@CHARACTER_SET_CLIENT */;
/*!40101 SET @OLD_CHARACTER_SET_RESULTS=@@CHARACTER_SET_RESULTS */;
/*!40101 SET @OLD_COLLATION_CONNECTION=@@COLLATION_CONNECTION */;
/*!40101 SET NAMES utf8 */;
/*!40103 SET @OLD_TIME_ZONE=@@TIME_ZONE */;
/*!40103 SET TIME_ZONE='+00:00' */;
/*!40014 SET @OLD_UNIQUE_CHECKS=@@UNIQUE_CHECKS, UNIQUE_CHECKS=0 */;
/*!40014 SET @OLD_FOREIGN_KEY_CHECKS=@@FOREIGN_KEY_CHECKS, FOREIGN_KEY_CHECKS=0 */;
/*!40101 SET @OLD_SQL_MODE=@@SQL_MODE, SQL_MODE='NO_AUTO_VALUE_ON_ZERO' */;
/*!40111 SET @OLD_SQL_NOTES=@@SQL_NOTES, SQL_NOTES=0 */;


create schema videojuegos_2236347;
use videojuegos_2236347;

--
-- Table structure for table `generos`
--



DROP TABLE IF EXISTS `generos`;
/*!40101 SET @saved_cs_client     = @@character_set_client */;
/*!40101 SET character_set_client = utf8 */;
CREATE TABLE `generos` (
  `codigo` char(5) NOT NULL,
  `nombre` char(30) DEFAULT NULL,
  PRIMARY KEY (`codigo`)
) ENGINE=InnoDB DEFAULT CHARSET=utf8mb4;
/*!40101 SET character_set_client = @saved_cs_client */;

--
-- Dumping data for table `generos`
--

LOCK TABLES `generos` WRITE;
/*!40000 ALTER TABLE `generos` DISABLE KEYS */;
INSERT INTO `generos` VALUES ('G01','Acción'),('G02','Aventura'),('G03','Futbol'),('G04','Peleas'),('G05','Competencia de Carros');
/*!40000 ALTER TABLE `generos` ENABLE KEYS */;
UNLOCK TABLES;

--
-- Table structure for table `juegos`
--

DROP TABLE IF EXISTS `juegos`;
/*!40101 SET @saved_cs_client     = @@character_set_client */;
/*!40101 SET character_set_client = utf8 */;
CREATE TABLE `juegos` (
  `idjuego` int(11) NOT NULL AUTO_INCREMENT,
  `nombre` varchar(100) DEFAULT NULL,
  `plataforma` char(5) DEFAULT NULL,
  `genero` char(5) DEFAULT NULL,
  `precio` float DEFAULT NULL,
  `anniolanz` int(11) DEFAULT NULL,
  PRIMARY KEY (`idjuego`),
  KEY `plataforma` (`plataforma`),
  KEY `genero` (`genero`),
  CONSTRAINT `juegos_ibfk_1` FOREIGN KEY (`plataforma`) REFERENCES `plataformas` (`codigo`),
  CONSTRAINT `juegos_ibfk_2` FOREIGN KEY (`genero`) REFERENCES `generos` (`codigo`)
) ENGINE=InnoDB AUTO_INCREMENT=16 DEFAULT CHARSET=utf8mb4;
/*!40101 SET character_set_client = @saved_cs_client */;

--
-- Dumping data for table `juegos`
--

LOCK TABLES `juegos` WRITE;
/*!40000 ALTER TABLE `juegos` DISABLE KEYS */;
INSERT INTO `juegos` VALUES (1,'Mario Bros 64','P01','G02',30000,1996),(2,'Crash Bandicoot Car','P01','G02',50000,2000),(3,'FIFA 2018','P02','G03',75000,2018),(4,'Mortal Kombat','P03','G04',100000,2010),(5,'Zelda','P02','G02',160000,2012),(6,'Cyberpunk 2077','P02','G01',180000,2020),(7,'Pokemon Go','P04','G02',110000,2016),(8,'Minecraft','P04','G02',120000,2009),(9,'God of war','P03','G01',100000,2018),(10,'Real Racing','P01','G05',35000,2013),(11,'Need for Speed','P04','G05',50000,2013),(12,'Fortnite','P03','G02',130000,2017),(13,'Spiderman','P02','G02',100000,2018),(14,'Mario Kart Live Home','P03','G05',120000,2020),(15,'Star Wars Jedi','P02','G05',110000,2019);
/*!40000 ALTER TABLE `juegos` ENABLE KEYS */;
UNLOCK TABLES;

--
-- Table structure for table `plataformas`
--

DROP TABLE IF EXISTS `plataformas`;
/*!40101 SET @saved_cs_client     = @@character_set_client */;
/*!40101 SET character_set_client = utf8 */;
CREATE TABLE `plataformas` (
  `codigo` char(5) NOT NULL,
  `nombre` char(30) DEFAULT NULL,
  PRIMARY KEY (`codigo`)
) ENGINE=InnoDB DEFAULT CHARSET=utf8mb4;
/*!40101 SET character_set_client = @saved_cs_client */;

--
-- Dumping data for table `plataformas`
--

LOCK TABLES `plataformas` WRITE;
/*!40000 ALTER TABLE `plataformas` DISABLE KEYS */;
INSERT INTO `plataformas` VALUES ('P01','PC'),('P02','Xbox'),('P03','Play 4'),('P04','Smartphone');
/*!40000 ALTER TABLE `plataformas` ENABLE KEYS */;
UNLOCK TABLES;
/*!40103 SET TIME_ZONE=@OLD_TIME_ZONE */;

/*!40101 SET SQL_MODE=@OLD_SQL_MODE */;
/*!40014 SET FOREIGN_KEY_CHECKS=@OLD_FOREIGN_KEY_CHECKS */;
/*!40014 SET UNIQUE_CHECKS=@OLD_UNIQUE_CHECKS */;
/*!40101 SET CHARACTER_SET_CLIENT=@OLD_CHARACTER_SET_CLIENT */;
/*!40101 SET CHARACTER_SET_RESULTS=@OLD_CHARACTER_SET_RESULTS */;
/*!40101 SET COLLATION_CONNECTION=@OLD_COLLATION_CONNECTION */;
/*!40111 SET SQL_NOTES=@OLD_SQL_NOTES */;

-- Dump completed on 2021-08-26 12:35:41
